{
  "lexicon": 1,
  "id": "org.openassociation.planning.process",
  "defs": {
    "main": {
      "type": "record",
      "description": "An activity that changes inputs into outputs, by transforming or transporting economic resource(s).",
      "key": "tid",
      "record": {
        "type": "object",
        "properties": {
          "hasInput": {
            "type": "array",
            "items": {
              "type": "string",
              "format": "at-uri"
            },
            "description": "All the input flows of a process."
          },
          "hasOutput": {
            "type": "array",
            "items": {
              "type": "string",
              "format": "at-uri"
            },
            "description": "All the output flows of a process."
          },
          "plannedWithin": {
            "type": "string",
            "format": "at-uri",
            "description": "The process with its inputs and outputs, or the non-process commitment or intent, is part of the plan."
          },
          "inScopeOf": {
            "type": "string",
            "format": "did",
            "description": "Scope here means executed in the context of an agent."
          },
          "hasBeginning": {
            "type": "string",
            "format": "datetime",
            "description": "The planned or actual beginning date, and time if desired, of a flow or process."
          },
          "hasEnd": {
            "type": "string",
            "format": "datetime",
            "description": "The planned or actual ending date, and time if desired, of a flow or process."
          },
          "name": {
            "type": "string",
            "description": "An informal or formal textual identifier for an object. Does not imply uniqueness.",
            "maxGraphemes": 640
          },
          "note": {
            "type": "string",
            "description": "Any useful textual information related to the item.",
            "maxGraphemes": 10000
          },
          "finished": {
            "type": "boolean",
            "description": "The commitment or intent or process is complete or not.  This is irrespective of if the original goal has been met, and indicates simply that no more will be done.  Default false."
          },
          "basedOn": {
            "type": "string",
            "format": "at-uri",
            "description": "The definition or standard specification for a process."
          },
          "classifiedAs": {
            "type": "array",
            "items": {
              "type": "string"
            },
            "description": "References one or more uri's for a concept in a common taxonomy or other classification scheme for purposes of categorization or grouping; or it can be one or more string classifications such as tags."
          }
        }
      }
    }
  }
}
