{
  "lexicon": 1,
  "id": "org.openassociation.proposal",
  "defs": {
    "main": {
      "type": "record",
      "description": "Published requests or offers, sometimes with what is expected in return.",
      "key": "tid",
      "record": {
        "type": "object",
        "properties": {
          "hasBeginning": {
            "type": "string",
            "format": "datetime",
            "description": "The planned or actual beginning date, and time if desired, of a flow or process."
          },
          "hasEnd": {
            "type": "string",
            "format": "datetime",
            "description": "The planned or actual ending date, and time if desired, of a flow or process."
          },
          "unitBased": {
            "type": "boolean",
            "description": "This group of intents contains unit based quantities, which can be multipied to create commitments; commonly seen in a price list or e-commerce. Default false."
          },
          "purpose": {
            "type": "string",
            "description": "The type of proposal, whether offer or request (others may be added as need arises).",
            "knownValues": [
              "offer",
              "request"
            ]
          },
          "created": {
            "type": "string",
            "format": "datetime",
            "description": "The date, and time if desired, the information was agreed to or recorded."
          },
          "eligibleLocation": {
            "type": "ref",
            "ref": "#location",
            "description": "Location or area where the proposal is valid."
          },
          "name": {
            "type": "string",
            "description": "An informal or formal textual identifier for an object. Does not imply uniqueness.",
            "maxGraphemes": 640
          },
          "note": {
            "type": "string",
            "description": "Any useful textual information related to the item.",
            "maxGraphemes": 10000
          },
          "publishes": {
            "type": "array",
            "items": {
              "type": "string",
              "format": "at-uri"
            },
            "description": "The primary intent(s) of this published proposal. Would be used in intent matching."
          },
          "reciprocal": {
            "type": "array",
            "items": {
              "type": "string",
              "format": "at-uri"
            },
            "description": "The reciprocal intent(s) of this published proposal. Not meant to be used for intent matching."
          },
          "proposedTo": {
            "type": "array",
            "items": {
              "type": "string",
              "format": "did"
            },
            "description": "The agent(s) to which the proposal or proposal list is published."
          },
          "listedIn": {
            "type": "array",
            "items": {
              "type": "string",
              "format": "at-uri"
            },
            "description": "This proposal is part of these lists of proposals."
          }
        }
      }
    },
    "location": {
      "type": "object",
      "properties": {
        "lat": { "type": "string", "description": "WGS84 latitude (decimal degrees)." },
        "long": { "type": "string", "description": "WGS84 longitude (decimal degrees)." },
        "alt": { "type": "string", "description": "WGS84 altitude (decimal meters above the local reference ellipsoid)." },
        "mappableAddress": { "type": "string", "description": "A textual address that can be mapped using mapping software." },
        "name": { "type": "string", "description": "An informal or formal textual identifier for the location." }
      }
    }
  }
}
