{
  "lexicon": 1,
  "id": "org.openassociation.resourceSpecification",
  "defs": {
    "main": {
      "type": "record",
      "description": "Specifies the kind of economic or environmental resource, even if the resource is not instantiated as an EconomicResource. Could define a material or digital thing, service, medium of exchange or currency, skill or type of work.",
      "key": "tid",
      "record": {
        "type": "object",
        "properties": {
          "image": {
            "type": "string",
            "format": "uri",
            "description": "The uri to an image relevant to the entity, such as a logo, avatar, photo, diagram, etc."
          },
          "imageList": {
            "type": "array",
            "items": {
              "type": "string",
              "format": "uri"
            },
            "description": "A comma separated list of uri addresses to images relevant to the resource."
          },
          "name": {
            "type": "string",
            "description": "An informal or formal textual identifier for an object. Does not imply uniqueness.",
            "maxGraphemes": 640
          },
          "note": {
            "type": "string",
            "description": "Any useful textual information related to the item.",
            "maxGraphemes": 10000
          },
          "mediumOfExchange": {
            "type": "boolean",
            "description": "True if the resource is a currency, money, token, credit, etc. used as a medium of exchange."
          },
          "substitutable": {
            "type": "boolean",
            "description": "Defines if any resource of that type can be freely substituted for any other resource of that type when used, consumed, traded, etc."
          },
          "defaultUnitOfEffort": {
            "type": "ref",
            "ref": "#unitOfMeasure",
            "description": "The default unit used for use or work."
          },
          "defaultUnitOfResource": {
            "type": "ref",
            "ref": "#unitOfMeasure",
            "description": "The default unit used for the resource itself."
          },
          "resourceClassifiedAs": {
            "type": "array",
            "items": {
              "type": "string"
            },
            "description": "References one or more uri's for a concept in a common taxonomy or other classification scheme for purposes of categorization or grouping; or can be one or more string classifications such as tags."
          }
        }
      }
    },
    "unitOfMeasure": {
      "type": "object",
      "properties": {
        "unitLabel": {
          "type": "string",
          "description": "The display label of the unit (e.g. 'kilogram', 'hour')."
        },
        "unitSymbol": {
          "type": "string",
          "description": "The display symbol of the unit (e.g. 'kg', 'h')."
        }
      }
    }
  }
}
